url_path,views_total,views_unique
/George-R-Heath/NanoLocz-Matlab-Library,29,2
/George-R-Heath/NanoLocz-Matlab-Library/tree/main/Example%20Workbooks,19,1
/George-R-Heath/NanoLocz-Matlab-Library/blob/main/Example%20Workbooks/Workbook_cross_channel_level.m,8,1
/George-R-Heath/NanoLocz-Matlab-Library/tree/main/NanoLocz-lib,7,2
/George-R-Heath/NanoLocz-Matlab-Library/graphs/traffic,6,1
/George-R-Heath/NanoLocz-Matlab-Library/pulse,6,1
/George-R-Heath/NanoLocz-lib,5,1
/George-R-Heath/NanoLocz-Matlab-Library/upload,5,1
/George-R-Heath/NanoLocz-Matlab-Library/new/main,4,1
/George-R-Heath/NanoLocz-Matlab-Library/upload/main/Example%20Workbooks,4,1
